<dependencies>
    <!-- Apache POI for DOCX -->
    <dependency>
        <groupId>org.apache.poi</groupId>
        <artifactId>poi</artifactId>
        <version>5.0.0</version>
    </dependency>
    <dependency>
        <groupId>org.apache.poi</groupId>
        <artifactId>poi-ooxml</artifactId>
        <version>5.0.0</version>
    </dependency>

    <!-- PDFBox for PDF -->
    <dependency>
        <groupId>org.apache.pdfbox</groupId>
        <artifactId>pdfbox</artifactId>
        <version>2.0.30</version>
    </dependency>
</dependencies>
